fetchedAt,rank,address,displayName,coin,side,size,entryPx,positionValue,unrealizedPnl,returnOnEquity,leverage,liquidationPx
2026-09-28T17:31:59.981116+00:00,4,0xecb63caa47c7c4e77f60f1ce858cf28dc2b82b00,,BTC,short,-206.45431,83885.7,17336174.8650100008,-17594.510968,-0.0203186527,20,311969.6339484354
2026-09-28T17:31:59.981116+00:00,4,0xecb63caa47c7c4e77f60f1ce858cf28dc2b82b00,,ETH,short,-19863.4075,2683.04,53696749.4947500005,-402316.013551,-0.1132339685,15,5055.3508146091
2026-09-28T17:31:59.981116+00:00,4,0xecb63caa47c7c4e77f60f1ce858cf28dc2b82b00,,ATOM,long,18496.57,1.7516,32078.601351,-321.585005,-0.0496270301,5,
2026-09-28T17:31:59.981116+00:00,4,0xecb63caa47c7c4e77f60f1ce858cf28dc2b82b00,,SOL,short,-89735.4,119.591,10756582.398,-25027.976827,-0.0466437123,20,638.0296159476
2026-09-28T17:31:59.981116+00:00,4,0xecb63caa47c7c4e77f60f1ce858cf28dc2b82b00,,AVAX,short,-20297.5,10.7299,213265.8325,4525.183208,0.2077763949,10,2189.4152228802
2026-09-28T17:31:59.981116+00:00,4,0xecb63caa47c7c4e77f60f1ce858cf28dc2b82b00,,BNB,short,-1900.513,774.309,1463280.9792200001,8303.781625,0.0282137388,5,23604.2186978454
2026-09-28T17:31:59.981116+00:00,4,0xecb63caa47c7c4e77f60f1ce858cf28dc2b82b00,,LTC,short,-23708.04,71.0809,1644413.3624400001,40777.744611,0.2419769748,10,1932.0766649583
2026-09-28T17:31:59.981116+00:00,4,0xecb63caa47c7c4e77f60f1ce858cf28dc2b82b00,,ARB,short,-2629979.3999999999,0.21343,541565.358048,19753.351373,0.3519097269,10,16.7226804261
2026-09-28T17:31:59.981116+00:00,4,0xecb63caa47c7c4e77f60f1ce858cf28dc2b82b00,,DOGE,short,-63687169.0,0.095754,6035187.1959469998,63149.140499,0.1035514229,10,0.7850395118
2026-09-28T17:31:59.981116+00:00,4,0xecb63caa47c7c4e77f60f1ce858cf28dc2b82b00,,INJ,short,-0.4,7.83,2.93774,0.19426,0.3101213282,5,113475464.2751285583
2026-09-28T17:31:59.981116+00:00,4,0xecb63caa47c7c4e77f60f1ce858cf28dc2b82b00,,SUI,short,-2017159.8,1.17648,2361488.97786,11663.454338,0.0491475144,10,23.0473719163
2026-09-28T17:31:59.981116+00:00,4,0xecb63caa47c7c4e77f60f1ce858cf28dc2b82b00,,kPEPE,short,-293652905.0,0.00452,1245675.62301,81857.07553,0.6166106162,10,0.1546898968
2026-09-28T17:31:59.981116+00:00,4,0xecb63caa47c7c4e77f60f1ce858cf28dc2b82b00,,CRV,short,-1395101.2,0.34345,481421.522096,-2267.493493,-0.0473228515,10,32.0375484452
2026-09-28T17:31:59.981116+00:00,4,0xecb63caa47c7c4e77f60f1ce858cf28dc2b82b00,,LDO,short,-1129486.0,0.44134,508505.89206,-10014.451222,-0.1004475744,5,38.81013004
2026-09-28T17:31:59.981116+00:00,4,0xecb63caa47c7c4e77f60f1ce858cf28dc2b82b00,,LINK,short,-116578.8,14.15271,1773875.8444680001,-123969.82321,-0.7513750578,10,393.9766808344
2026-09-28T17:31:59.981116+00:00,4,0xecb63caa47c7c4e77f60f1ce858cf28dc2b82b00,,STX,short,-4.1,0.6031,1.313763,1.158947,2.3434753772,5,10567559.5024536606
2026-09-28T17:31:59.981116+00:00,4,0xecb63caa47c7c4e77f60f1ce858cf28dc2b82b00,,SNX,short,-2670.7,0.24285,653.25322,-4.651141,-0.0215130717,3,15296.2960079004
2026-09-28T17:31:59.981116+00:00,4,0xecb63caa47c7c4e77f60f1ce858cf28dc2b82b00,,XRP,short,-4754272.0,1.523028,7176573.5839999998,64318.919554,0.0888273366,10,11.2211220791
2026-09-28T17:31:59.981116+00:00,4,0xecb63caa47c7c4e77f60f1ce858cf28dc2b82b00,,BCH,short,-212.622,314.127,66155.20908,635.269246,0.095113744,10,208347.356856346
2026-09-28T17:31:59.981116+00:00,4,0xecb63caa47c7c4e77f60f1ce858cf28dc2b82b00,,APT,short,-753030.0699999999,0.8282,618840.111526,4839.006881,0.0775880856,10,59.5285584956
2026-09-28T17:31:59.981116+00:00,4,0xecb63caa47c7c4e77f60f1ce858cf28dc2b82b00,,AAVE,short,-4943.26,144.1668,736298.577,-23644.50339,-0.3317809336,10,9090.9468681097
2026-09-28T17:31:59.981116+00:00,4,0xecb63caa47c7c4e77f60f1ce858cf28dc2b82b00,,WLD,short,-1439375.8999999999,0.47396,719097.805881,-36890.580449,-0.5407532942,10,31.2097035231
2026-09-28T17:31:59.981116+00:00,4,0xecb63caa47c7c4e77f60f1ce858cf28dc2b82b00,,TRX,long,3390704.0,0.335819,1135512.86256,-3153.157572,-0.0276916806,10,
2026-09-28T17:31:59.981116+00:00,4,0xecb63caa47c7c4e77f60f1ce858cf28dc2b82b00,,kSHIB,short,-584.0,0.014599,3.338144,5.187672,6.0846633331,10,74423.5607347105
2026-09-28T17:31:59.981116+00:00,4,0xecb63caa47c7c4e77f60f1ce858cf28dc2b82b00,,UNI,long,14995.6,8.76072,133616.79424,2244.490758,0.1708496158,10,
2026-09-28T17:31:59.981116+00:00,4,0xecb63caa47c7c4e77f60f1ce858cf28dc2b82b00,,SEI,short,-5122076.0,0.063354,405878.424316,-81373.974719,-1.2538190897,5,8.5381144424
2026-09-28T17:31:59.981116+00:00,4,0xecb63caa47c7c4e77f60f1ce858cf28dc2b82b00,,ZRO,long,902290.7,1.223,1404325.24548,300817.625552,1.3630065625,5,
2026-09-28T17:31:59.981116+00:00,4,0xecb63caa47c7c4e77f60f1ce858cf28dc2b82b00,,TIA,short,-1963945.3999999999,0.42682,890040.415826,-51788.812848,-0.3089097156,5,22.5143901975
2026-09-28T17:31:59.981116+00:00,4,0xecb63caa47c7c4e77f60f1ce858cf28dc2b82b00,,ADA,short,-1336580.0,0.252478,332177.55424,5279.801605,0.1564583351,10,33.3337040281
2026-09-28T17:31:59.981116+00:00,4,0xecb63caa47c7c4e77f60f1ce858cf28dc2b82b00,,NEAR,short,-41414.2,5.03958,206880.49468,1829.687782,0.0876664358,10,1072.9064038716
2026-09-28T17:31:59.981116+00:00,4,0xecb63caa47c7c4e77f60f1ce858cf28dc2b82b00,,PYTH,short,-904149.0,0.081281,71982.918486,1507.644202,0.1025740004,5,47.9998048605
2026-09-28T17:31:59.981116+00:00,4,0xecb63caa47c7c4e77f60f1ce858cf28dc2b82b00,,kBONK,short,-181302062.0,0.003532,635645.029372,4772.649717,0.0745240157,10,0.2473377034
2026-09-28T17:31:59.981116+00:00,4,0xecb63caa47c7c4e77f60f1ce858cf28dc2b82b00,,JUP,short,-27991.0,0.333877,9256.34379,89.21214,0.0477297127,5,1553.0774850327
2026-09-28T17:31:59.981116+00:00,4,0xecb63caa47c7c4e77f60f1ce858cf28dc2b82b00,,WIF,short,-1015353.0,0.194895,234485.62182,-36597.881049,-0.9247131961,5,42.902791707
2026-09-28T17:31:59.981116+00:00,4,0xecb63caa47c7c4e77f60f1ce858cf28dc2b82b00,,ONDO,long,90337.0,0.517017,47050.21971,344.426859,0.0737439272,10,
2026-09-28T17:31:59.981116+00:00,4,0xecb63caa47c7c4e77f60f1ce858cf28dc2b82b00,,STRK,long,38.9,0.18052,1.603069,-5.419159,-2.3151451363,3,
2026-09-28T17:31:59.981116+00:00,4,0xecb63caa47c7c4e77f60f1ce858cf28dc2b82b00,,TAO,short,-3170.124,310.983,959596.5348,26260.432079,0.1331858117,5,13969.9864046634
2026-09-28T17:31:59.981116+00:00,4,0xecb63caa47c7c4e77f60f1ce858cf28dc2b82b00,,kFLOKI,short,-1119882.0,0.028753,30773.237478,1427.74017,0.2216920532,5,38.7163700138
2026-09-28T17:31:59.981116+00:00,4,0xecb63caa47c7c4e77f60f1ce858cf28dc2b82b00,,BOME,short,-5093.0,0.000572,5.062442,-2.144454,-2.2047253107,3,8021.0425206209
2026-09-28T17:31:59.981116+00:00,4,0xecb63caa47c7c4e77f60f1ce858cf28dc2b82b00,,ETHFI,long,9.0,1.1562,6.40467,-4.00113,-1.9225480021,5,
2026-09-28T17:31:59.981116+00:00,4,0xecb63caa47c7c4e77f60f1ce858cf28dc2b82b00,,ENA,short,-10866217.0,0.243371,2847274.84051,-202748.143244,-0.3833354064,5,4.321093239
2026-09-28T17:31:59.981116+00:00,4,0xecb63caa47c7c4e77f60f1ce858cf28dc2b82b00,,POPCAT,short,-7071816.0,0.052752,369155.867016,3899.344197,0.0313573762,3,5.8288168643
2026-09-28T17:31:59.981116+00:00,4,0xecb63caa47c7c4e77f60f1ce858cf28dc2b82b00,,EIGEN,short,-1742093.55,0.2282,440052.83073,-42385.785161,-0.5329305714,5,25.1232463819
2026-09-28T17:31:59.981116+00:00,4,0xecb63caa47c7c4e77f60f1ce858cf28dc2b82b00,,TURBO,long,853.0,0.002621,0.872619,-1.363094,-1.8290728729,3,
2026-09-28T17:31:59.981116+00:00,4,0xecb63caa47c7c4e77f60f1ce858cf28dc2b82b00,,GOAT,long,234.0,0.046428,4.364802,-6.49935,-1.7947143965,3,
2026-09-28T17:31:59.981116+00:00,4,0xecb63caa47c7c4e77f60f1ce858cf28dc2b82b00,,MOODENG,long,245.0,0.094647,11.315815,-11.8727,-1.5360233288,3,
2026-09-28T17:31:59.981116+00:00,4,0xecb63caa47c7c4e77f60f1ce858cf28dc2b82b00,,GRASS,short,-695116.4,0.3856,407720.52442,-139681.65768,-1.5633739171,3,59.3553612309
2026-09-28T17:31:59.981116+00:00,4,0xecb63caa47c7c4e77f60f1ce858cf28dc2b82b00,,PURR,long,121.0,0.087038,17.34293,6.811244,1.9402147007,3,
2026-09-28T17:31:59.981116+00:00,4,0xecb63caa47c7c4e77f60f1ce858cf28dc2b82b00,,PNUT,short,-50.1,0.17553,2.648286,6.145767,2.0965646898,3,864810.2853210125
2026-09-28T17:31:59.981116+00:00,4,0xecb63caa47c7c4e77f60f1ce858cf28dc2b82b00,,XLM,short,-2768502.0,0.217157,626041.35726,-24841.271251,-0.2065973694,5,15.8761070079
2026-09-28T17:31:59.981116+00:00,4,0xecb63caa47c7c4e77f60f1ce858cf28dc2b82b00,,HYPE,short,-121533.14,91.2458,10865791.9148399998,223598.201757,0.0604897653,3,449.3258039555
2026-09-28T17:31:59.981116+00:00,4,0xecb63caa47c7c4e77f60f1ce858cf28dc2b82b00,,ME,long,2.1,1.5,0.156912,-2.993088,-2.85056,3,
2026-09-28T17:31:59.981116+00:00,4,0xecb63caa47c7c4e77f60f1ce858cf28dc2b82b00,,VIRTUAL,short,-1329530.1000000001,0.7576,1081253.649126,-73998.996847,-0.3673301319,5,33.4014598808
2026-09-28T17:31:59.981116+00:00,4,0xecb63caa47c7c4e77f60f1ce858cf28dc2b82b00,,PENGU,short,-46335678.0,0.009777,449548.747956,3495.268887,0.0385753785,5,0.9447696307
2026-09-28T17:31:59.981116+00:00,4,0xecb63caa47c7c4e77f60f1ce858cf28dc2b82b00,,USUAL,long,17.7,0.15174,0.267093,-2.418705,-2.7016607355,3,
2026-09-28T17:31:59.981116+00:00,4,0xecb63caa47c7c4e77f60f1ce858cf28dc2b82b00,,FARTCOIN,long,418229.4,0.17078,71040.445884,-387.449932,-0.0162730511,3,
2026-09-28T17:31:59.981116+00:00,4,0xecb63caa47c7c4e77f60f1ce858cf28dc2b82b00,,AIXBT,short,-940514.0,0.022588,21765.374988,-520.108072,-0.0734433802,3,43.4580770409
2026-09-28T17:31:59.981116+00:00,4,0xecb63caa47c7c4e77f60f1ce858cf28dc2b82b00,,GRIFFAIN,short,-3535.0,0.007898,57.708875,-29.788416,-3.2007084124,3,11556.2156163945
2026-09-28T17:31:59.981116+00:00,4,0xecb63caa47c7c4e77f60f1ce858cf28dc2b82b00,,SPX,short,-831185.8,0.47418,353544.88003,40592.871755,0.5149579249,5,52.5520738279
2026-09-28T17:31:59.981116+00:00,4,0xecb63caa47c7c4e77f60f1ce858cf28dc2b82b00,,MORPHO,short,-191621.1,2.65408,493654.27782,14923.738393,0.1467202466,5,228.6838293075
2026-09-28T17:31:59.981116+00:00,4,0xecb63caa47c7c4e77f60f1ce858cf28dc2b82b00,,TRUMP,short,-94856.3,2.07337,191097.50198,5575.046584,0.283468467,10,468.2714253801
2026-09-28T17:31:59.981116+00:00,4,0xecb63caa47c7c4e77f60f1ce858cf28dc2b82b00,,MELANIA,long,1068074.6000000001,0.10422,109776.707388,-1542.137114,-0.0415600015,3,
2026-09-28T17:31:59.981116+00:00,4,0xecb63caa47c7c4e77f60f1ce858cf28dc2b82b00,,VVV,short,-50729.01,29.9903,1413665.32167,107716.667786,0.2124055665,3,833.1491155997
2026-09-28T17:31:59.981116+00:00,4,0xecb63caa47c7c4e77f60f1ce858cf28dc2b82b00,,BERA,long,36.9,0.2609,8.082576,-1.544892,-0.8023355674,5,
2026-09-28T17:31:59.981116+00:00,4,0xecb63caa47c7c4e77f60f1ce858cf28dc2b82b00,,LAYER,long,6.0,1.141,0.486888,-6.359112,-2.7866397897,3,
2026-09-28T17:31:59.981116+00:00,4,0xecb63caa47c7c4e77f60f1ce858cf28dc2b82b00,,KAITO,long,25.0,0.34043,8.38015,-0.1306,-0.076726493,5,
2026-09-28T17:31:59.981116+00:00,4,0xecb63caa47c7c4e77f60f1ce858cf28dc2b82b00,,PAXG,short,-206.384,4205.008,856101.4704,11745.079012,0.0676679479,5,214554.1517262041
2026-09-28T17:31:59.981116+00:00,4,0xecb63caa47c7c4e77f60f1ce858cf28dc2b82b00,,ZORA,long,139.0,0.026761,1.112139,-2.607683,-2.1030707921,3,
2026-09-28T17:31:59.981116+00:00,4,0xecb63caa47c7c4e77f60f1ce858cf28dc2b82b00,,SOPH,long,112.0,0.053636,0.392784,-5.614542,-2.8038475022,3,
2026-09-28T17:31:59.981116+00:00,4,0xecb63caa47c7c4e77f60f1ce858cf28dc2b82b00,,PUMP,short,-1143466840.0,0.004651,6053513.45096,-734400.005025,-0.4142043665,3,0.0437392984
2026-09-28T17:31:59.981116+00:00,4,0xecb63caa47c7c4e77f60f1ce858cf28dc2b82b00,,XPL,short,-4643104.0,0.102348,460670.206464,14542.612157,0.1530115728,5,9.4555467494
2026-09-28T17:31:59.981116+00:00,4,0xecb63caa47c7c4e77f60f1ce858cf28dc2b82b00,,WLFI,long,5470695.0,0.056306,314247.66219,6210.968615,0.1008154019,5,
2026-09-28T17:31:59.981116+00:00,4,0xecb63caa47c7c4e77f60f1ce858cf28dc2b82b00,,ASTER,short,-2536398.0,0.73844,1796961.8910600001,76017.841667,0.1217597398,3,17.790565415
2026-09-28T17:31:59.981116+00:00,4,0xecb63caa47c7c4e77f60f1ce858cf28dc2b82b00,,AVNT,short,-1033276.0,0.120608,129345.48968,-4723.137439,-0.1894980055,5,42.0568542538
2026-09-28T17:31:59.981116+00:00,4,0xecb63caa47c7c4e77f60f1ce858cf28dc2b82b00,,STBL,long,1140456.0,0.02749,29502.456264,-1849.499127,-0.176974524,3,
2026-09-28T17:31:59.981116+00:00,4,0xecb63caa47c7c4e77f60f1ce858cf28dc2b82b00,,0G,long,3.0,1.8125,0.77475,-4.66275,-2.5725517241,3,
2026-09-28T17:31:59.981116+00:00,4,0xecb63caa47c7c4e77f60f1ce858cf28dc2b82b00,,2Z,short,-2885928.0,0.065459,190855.076424,-1944.928932,-0.0308865716,3,14.2214287992
2026-09-28T17:31:59.981116+00:00,4,0xecb63caa47c7c4e77f60f1ce858cf28dc2b82b00,,ZEC,short,-19.5,1539.0976,29823.3,189.10392,0.0315042941,5,2269976.9872227036
2026-09-28T17:31:59.981116+00:00,4,0xecb63caa47c7c4e77f60f1ce858cf28dc2b82b00,,MON,short,-56336841.0,0.028045,1649430.0307980001,-69409.182731,-0.1317878485,3,0.7983483255
2026-09-28T17:31:59.981116+00:00,4,0xecb63caa47c7c4e77f60f1ce858cf28dc2b82b00,,MET,short,-1017132.0,0.341525,334321.11708,13055.522511,0.1127495723,3,40.4917804298
2026-09-28T17:31:59.981116+00:00,4,0xecb63caa47c7c4e77f60f1ce858cf28dc2b82b00,,LIT,short,-97204.0,4.631163,426647.7968,23519.791727,0.1567402385,3,450.1218102454
2026-09-28T17:31:59.981116+00:00,4,0xecb63caa47c7c4e77f60f1ce858cf28dc2b82b00,,CHIP,long,132.0,0.03071,5.809848,1.756128,1.2996418105,3,
2026-09-28T17:31:59.981116+00:00,4,0xecb63caa47c7c4e77f60f1ce858cf28dc2b82b00,,GRAM,short,-98676.0,1.641428,162460.1664,-490.551656,-0.0151433235,5,440.7297905539
2026-09-28T17:31:59.981116+00:00,4,0xecb63caa47c7c4e77f60f1ce858cf28dc2b82b00,,CASHCAT,short,-8371008.0,0.181311,1549975.8412800001,-32216.978244,-0.0212266777,1,0.3113558847
2026-09-28T17:31:59.981116+00:00,4,0xecb63caa47c7c4e77f60f1ce858cf28dc2b82b00,,PONS,short,-378809.0,0.535201,206140.28162,-3401.039759,-0.0503263166,3,108.3852410494
2026-09-28T17:31:59.981116+00:00,4,0xecb63caa47c7c4e77f60f1ce858cf28dc2b82b00,,USELESS,short,-182847.0,0.244867,45233.605095,-460.348767,-0.0308453397,3,223.6645835052
2026-09-28T17:31:59.981116+00:00,10,0x7fdafde5cfb5465924316eced2d3715494c517d1,BobbyBigSize,BTC,short,-483.35168,84210.9,40587523.9212799966,115979.518916,0.0854812307,30,163850.1379271313
2026-09-28T17:31:59.981116+00:00,10,0x7fdafde5cfb5465924316eced2d3715494c517d1,BobbyBigSize,ETH,short,-26060.2036,2603.45,70448548.3918800056,-2601883.4134470001,-0.9587366653,25,4169.6201972561
2026-09-28T17:31:59.981116+00:00,10,0x7fdafde5cfb5465924316eced2d3715494c517d1,BobbyBigSize,SOL,long,34241.67,119.0736,4104206.5661999998,26925.346275,0.1320750021,20,
2026-09-28T17:31:59.981116+00:00,10,0x7fdafde5cfb5465924316eced2d3715494c517d1,BobbyBigSize,AVAX,short,-62299.4,13.2086,654828.9934,168060.90466,2.0423255293,10,595.0722333095
2026-09-28T17:31:59.981116+00:00,10,0x7fdafde5cfb5465924316eced2d3715494c517d1,BobbyBigSize,BNB,short,-1500.095,758.429,1155103.1518999999,-17386.663616,-0.1528207053,10,24516.747434754
2026-09-28T17:31:59.981116+00:00,10,0x7fdafde5cfb5465924316eced2d3715494c517d1,BobbyBigSize,LTC,short,-8941.13,56.9012,620183.60019,-111421.72539,-2.190056506,10,4142.605295889
2026-09-28T17:31:59.981116+00:00,10,0x7fdafde5cfb5465924316eced2d3715494c517d1,BobbyBigSize,DOGE,short,-3602769.0,0.092648,341430.815361,-7640.438481,-0.2288993036,10,10.2070075227
2026-09-28T17:31:59.981116+00:00,10,0x7fdafde5cfb5465924316eced2d3715494c517d1,BobbyBigSize,INJ,short,-28671.1,6.18932,210738.31922,-33283.5468,-0.937803654,5,1246.8732090089
2026-09-28T17:31:59.981116+00:00,10,0x7fdafde5cfb5465924316eced2d3715494c517d1,BobbyBigSize,kPEPE,short,-248510943.0,0.003908,1054183.4202060001,-82888.348676,-0.8533796897,10,0.1507130615
2026-09-28T17:31:59.981116+00:00,10,0x7fdafde5cfb5465924316eced2d3715494c517d1,BobbyBigSize,XRP,short,-3553850.0,1.529637,5364891.96,71210.635585,0.2619915071,20,12.2178298162
2026-09-28T17:31:59.981116+00:00,10,0x7fdafde5cfb5465924316eced2d3715494c517d1,BobbyBigSize,WLD,short,-8436768.6999999993,0.40368,4217709.4085039999,-811929.396139,-2.3839748698,10,4.7972838697
2026-09-28T17:31:59.981116+00:00,10,0x7fdafde5cfb5465924316eced2d3715494c517d1,BobbyBigSize,UNI,short,-10440.0,4.63034,93026.664,-44685.88843,-9.243932871,10,3499.652991567
2026-09-28T17:31:59.981116+00:00,10,0x7fdafde5cfb5465924316eced2d3715494c517d1,BobbyBigSize,ZRO,short,-840942.6,1.1688,1309263.53394,-326369.275349,-1.6602461175,5,43.8172018846
2026-09-28T17:31:59.981116+00:00,10,0x7fdafde5cfb5465924316eced2d3715494c517d1,BobbyBigSize,ADA,short,-26179.0,0.549523,6508.36119,7877.620274,5.4759004756,10,1392.4822025011
2026-09-28T17:31:59.981116+00:00,10,0x7fdafde5cfb5465924316eced2d3715494c517d1,BobbyBigSize,NEAR,short,-546482.6,1.985,2728806.21484,-1644037.8217559999,-15.1556574863,10,71.4612846253
2026-09-28T17:31:59.981116+00:00,10,0x7fdafde5cfb5465924316eced2d3715494c517d1,BobbyBigSize,WIF,short,-1226.0,0.784313,283.31634,678.25238,3.5268013918,5,29729.0778882641
2026-09-28T17:31:59.981116+00:00,10,0x7fdafde5cfb5465924316eced2d3715494c517d1,BobbyBigSize,ONDO,short,-5571986.0,0.54532,2902280.3478199998,136239.2835,0.4483738795,10,6.8997320334
2026-09-28T17:31:59.981116+00:00,10,0x7fdafde5cfb5465924316eced2d3715494c517d1,BobbyBigSize,TAO,long,2.19,310.142,662.8035,-16.40802,-0.1207872623,5,
2026-09-28T17:31:59.981116+00:00,10,0x7fdafde5cfb5465924316eced2d3715494c517d1,BobbyBigSize,ENA,short,-4440475.0,0.15785,1164159.33075,-463226.066141,-6.6087042737,10,8.4582892709
2026-09-28T17:31:59.981116+00:00,10,0x7fdafde5cfb5465924316eced2d3715494c517d1,BobbyBigSize,POPCAT,short,-4674.0,0.215958,244.062258,765.328043,2.2746247182,3,7797.9914465566
2026-09-28T17:31:59.981116+00:00,10,0x7fdafde5cfb5465924316eced2d3715494c517d1,BobbyBigSize,GOAT,short,-327719.0,0.478596,6113.597945,150731.524723,2.8830643024,3,108.4606072322
2026-09-28T17:31:59.981116+00:00,10,0x7fdafde5cfb5465924316eced2d3715494c517d1,BobbyBigSize,HYPE,short,-37249.45,89.1208,3330540.3735099998,-10836.810742,-0.0326439109,10,1063.820572583
2026-09-28T17:31:59.981116+00:00,10,0x7fdafde5cfb5465924316eced2d3715494c517d1,BobbyBigSize,PENGU,long,129017.0,0.028211,1252.497036,-2387.201551,-3.2793945624,5,
2026-09-28T17:31:59.981116+00:00,10,0x7fdafde5cfb5465924316eced2d3715494c517d1,BobbyBigSize,FARTCOIN,long,830018.4,0.18078,141078.227448,-8976.488787,-0.5982143722,10,
2026-09-28T17:31:59.981116+00:00,10,0x7fdafde5cfb5465924316eced2d3715494c517d1,BobbyBigSize,PUMP,short,-867937727.0,0.004609,4590522.6381029999,-589472.180747,-1.4732935439,10,0.0470419021
2026-09-28T17:31:59.981116+00:00,10,0x7fdafde5cfb5465924316eced2d3715494c517d1,BobbyBigSize,XPL,short,-7363769.0,0.095349,730640.5239490001,-28505.630562,-0.2029925505,5,4.9393566489
2026-09-28T17:31:59.981116+00:00,10,0x7fdafde5cfb5465924316eced2d3715494c517d1,BobbyBigSize,LINEA,short,-126660.0,0.027679,378.46008,3127.433679,2.6761509852,3,264.5515226008
2026-09-28T17:31:59.981116+00:00,10,0x7fdafde5cfb5465924316eced2d3715494c517d1,BobbyBigSize,ASTER,short,-892639.0,0.77843,632407.95233,62449.21051,0.4493672502,5,40.5213037924
2026-09-28T17:31:59.981116+00:00,10,0x7fdafde5cfb5465924316eced2d3715494c517d1,BobbyBigSize,ZEC,short,-7616.8,1560.8058,11645325.5199999996,243020.651204,0.1022096126,5,6244.5609172494
2026-09-28T17:31:59.981116+00:00,10,0x7fdafde5cfb5465924316eced2d3715494c517d1,BobbyBigSize,MON,short,-10531278.0,0.028208,308882.38374,-11807.553285,-0.1987302874,5,3.4038955697
2026-09-28T17:31:59.981116+00:00,10,0x7fdafde5cfb5465924316eced2d3715494c517d1,BobbyBigSize,LIT,short,-2308805.0,3.755438,10132883.3839999996,-1462307.8203420001,-0.843258795,5,19.7813897352
2026-09-28T17:31:59.981116+00:00,10,0x7fdafde5cfb5465924316eced2d3715494c517d1,BobbyBigSize,XMR,short,-1674.995,548.352,906792.04315,11696.148611,0.0636706531,5,21758.441181464
2026-09-28T17:31:59.981116+00:00,10,0x7fdafde5cfb5465924316eced2d3715494c517d1,BobbyBigSize,GRAM,short,-1038317.0,1.426122,1710616.87433,-229849.42833,-0.7761158883,5,35.8745017349
2026-09-28T17:31:59.981116+00:00,10,0x7fdafde5cfb5465924316eced2d3715494c517d1,BobbyBigSize,PONS,long,14517.0,0.587417,7906.39371,-621.14946,-0.2185211312,3,
