fetchedAt,rank,address,displayName,accountValue,pnlDay,pnlWeek,pnlMonth,pnlAllTime,roiAllTime,openPositions
2026-10-02T13:43:47.839521+00:00,1,0x393d0b87ed38fc779fd9611144ae649ba6082109,,998586716.3116799593,17297093.0154069997,0.0,109920772.4619379938,506650260.8416799903,0.2834375331,0
2026-10-02T13:43:47.839521+00:00,2,0x4ec8fe22a531a96c8a846aaf5cbef73202649a80,,224997156.9061839879,1.471484,0.0,8.03811,445038911.71618402,26412.0399710448,0
2026-10-02T13:43:47.839521+00:00,3,0x8d68efbf06fb8cf932518bcb53705e674c4852dc,,814611131.8677370548,17053556.3633660004,23431369.6599810012,133307012.730546996,316033422.6977369785,0.6324483576,0
2026-10-02T13:43:47.839521+00:00,4,0xecb63caa47c7c4e77f60f1ce858cf28dc2b82b00,,117346552.136243999,-2479192.2955189999,749399.5491910001,-13816691.2585329991,194944104.0562439859,1.9313505431,86
2026-10-02T13:43:47.839521+00:00,5,0x488d2a9b70cc18ef66057a48ab3d59da1c59fe08,,279637836.9408630133,4813989.5515879998,0.0,27470431.1038369983,176038691.2208630145,1.6992291758,0
2026-10-02T13:43:47.839521+00:00,6,0x9794bbbc222b6b93c1417d01aa1ff06d42e5333b,,3877.136673,0.0,0.0,310.47424,144137079.6566730142,7.5867545364,0
2026-10-02T13:43:47.839521+00:00,7,0xdfc24b077bc1425ad1dea75bcb6f8158e10df303,,183141372.0851809978,19949.643157,164306.946366,603454.572312,138470488.5551809967,0.2624194505,0
2026-10-02T13:43:47.839521+00:00,8,0x493db0ed7514c975e9abcc110bd40c473b6763e3,,120267638.8700740039,197532.295249,0.0,10650950.7234949991,131303944.8900739998,503.4738159393,0
2026-10-02T13:43:47.839521+00:00,9,0x4eb8d907136189a34c9b087950211b6a566f7819,,223217200.3238970041,3866900.1547770002,0.0,21428317.9671080001,130898627.5738970041,1.4179013353,0
2026-10-02T13:43:47.839521+00:00,10,0x05cafe987297448f21a3c7ae0ae815fddecac655,,216285944.8240660131,3745942.3450529999,0.0,20736432.3541009985,125794623.5640659928,1.3901291506,0
